res_id,cls_label
20,1
26,2
27,2
28,0
29,0
30,2
31,0
32,2
33,0
34,2
35,2
36,2
37,0
38,2
39,0
40,2
41,2
42,2
43,0
44,0
45,0
46,0
47,0
48,0
49,0
50,0
51,2
52,0
53,0
54,0
55,0
56,2
57,0
58,0
59,0
60,0
61,0
62,0
63,2
64,2
65,0
66,0
67,2
68,2
69,2
70,2
71,0
72,0
73,2
74,2
75,2
76,0
77,2
78,0
79,0
80,0
81,0
82,0
83,2
84,2
85,2
86,2
87,0
88,0
89,1
90,0
91,2
92,1
93,0
94,0
95,2
96,2
97,0
98,2
99,1
100,2
101,0
102,2
103,2
104,0
105,2
106,2
107,0
108,2
109,0
110,0
111,2
112,2
113,0
114,2
115,0
116,0
117,0
118,0
119,0
120,0
121,2
122,2
123,0
124,2
125,1
126,1
127,2
128,0
129,2
130,2
131,2
132,0
133,0
134,2
135,0
136,2
137,1
138,0
139,2
140,1
141,1
142,2
143,2
144,2
145,0
146,0
147,0
148,2
149,2
150,0
151,1
153,0
154,0
155,2
156,1
157,2
158,2
159,2
160,2
161,0
162,2
163,2
164,1
165,2
166,0
167,2
168,0
169,0
170,0
171,2
172,2
173,2
174,2
175,2
176,0
177,2
178,1
179,0
180,0
181,2
182,0
183,2
184,0
185,0
186,1
187,2
188,0
189,2
190,2
191,0
192,0
193,1
194,2
195,0
196,2
197,0
198,1
199,2
200,0
201,2
202,0
203,0
204,2
205,0
206,1
207,2
208,2
209,2
210,2
211,0
212,2
213,1
214,2
215,2
216,0
217,0
218,1
219,0
220,2
221,2
222,1
223,2
224,1
225,0
226,0
227,0
228,2
229,0
230,2
231,2
232,2
233,2
234,0
235,0
236,1
237,0
238,0
239,0
240,0
241,2
242,1
243,2
244,2
245,2
246,0
247,2
248,2
249,0
250,0
251,0
252,2
253,2
254,2
255,0
256,2
257,2
258,0
259,2
260,0
261,0
262,2
263,0
264,0
265,0
266,0
267,2
268,0
269,0
270,2
271,2
272,1
273,0
274,1
275,0
276,2
277,0
278,2
279,2
280,0
281,0
282,0
283,0
284,2
285,0
286,0
287,0
288,0
289,0
290,2
291,2
292,0
293,0
294,2
295,2
296,0
297,2
298,0
299,2
300,0
301,2
302,0
303,2
304,2
305,0
306,0
307,0
308,0
309,0
310,0
311,0
312,0
313,0
314,2
315,1
316,0
317,0
318,0
319,0
320,0
321,0
322,0
323,2
324,2
325,1
326,1
327,2
328,0
329,2
330,0
331,1
332,0
333,2
334,0
335,2
336,2
337,0
338,2
339,0
340,2
341,0
342,1
343,2
344,2
345,0
346,2
347,2
348,2
349,0
350,0
351,2
352,1
353,0
354,0
355,2
356,0
357,2
358,0
359,0
360,1
361,0
362,2
363,0
364,2
365,0
366,0
367,0
368,0
369,2
370,0
371,1
372,2
373,2
374,0
375,2
376,1
377,0
378,2
379,0
380,0
381,0
382,0
383,1
384,1
385,2
386,0
387,2
388,2
389,0
390,0
391,0
392,0
393,0
394,0
395,2
396,1
397,1
398,1
399,2
400,2
401,0
402,0
403,0
404,2
405,0
406,2
407,0
408,0
409,2
410,0
411,0
412,1
413,0
414,0
415,0
416,0
417,2
418,0
419,0
420,2
421,0
422,1
423,0
424,0
425,0
426,2
427,1
428,0
429,0
430,0
431,0
432,2
433,0
434,0
435,2
436,0
437,0
438,0
439,0
440,0
441,2
442,1
443,2
444,2
445,0
446,2
447,0
448,0
449,2
450,2
451,0
452,1
453,2
454,1
455,1
456,0
457,2
458,0
459,1
460,0
461,0
462,0
463,2
464,0
465,2
466,2
467,2
468,0
469,2
470,2
471,0
472,2
473,0
474,2
475,1
476,1
477,0
478,0
479,2
480,2
481,0
482,0
483,0
484,0
485,0
486,2
487,2
488,0
489,0
490,2
491,0
492,0
493,2
494,0
495,2
496,2
497,0
498,0
499,0
500,2
501,0
502,1
503,2
504,2
505,0
506,2
507,0
508,1
509,0
510,2
511,2
512,2
513,0
514,0
515,0
516,2
517,0
518,0
519,0
520,0
521,0
522,0
523,2
524,2
525,2
526,2
527,2
528,0
529,0
530,0
531,0
532,0
534,2
535,0
536,0
537,2
538,0
539,0
540,0
541,0
542,2
543,2
544,0
545,0
546,0
547,2
548,2
549,2
550,2
551,0
552,2
553,0
554,2
555,0
556,2
557,0
558,2
559,0
560,2
561,2
562,2
563,2
564,2
565,0
566,0
567,0
568,1
569,0
570,0
571,0
572,0
573,0
574,0
575,2
576,0
577,2
578,2
579,0
580,0
581,2
582,0
583,2
584,1
585,1
586,2
587,0
588,2
589,0
590,0
591,2
592,0
593,0
594,0
595,2
596,0
597,1
598,0
599,0
600,2
601,0
602,2
603,0
604,0
605,0
606,2
607,2
608,2
609,0
610,0
611,2
612,0
613,2
614,1
615,2
616,2
617,2
618,0
619,0
620,2
621,2
622,0
623,0
624,0
625,0
626,0
627,2
628,0
629,2
630,1
631,2
632,0
633,2
634,2
635,0
636,0
637,2
638,0
639,0
640,0
641,0
642,1
643,0
644,2
645,0
646,0
647,0
648,0
649,0
650,0
651,2
652,0
653,0
654,0
655,0
656,2
657,2
658,0
659,0
660,2
661,0
662,0
663,1
664,0
665,2
666,0
667,0
668,0
669,0
670,0
671,1
672,2
673,1
674,2
675,2
676,2
677,0
678,0
679,2
680,0
681,0
682,0
683,2
684,0
685,2
686,2
687,0
688,2
689,2
690,2
691,2
692,2
693,0
694,0
695,0
696,0
697,2
698,2
699,2
700,0
701,0
702,0
703,1
704,0
705,0
706,0
707,0
708,2
709,2
710,0
711,0
712,0
713,2
714,0
715,2
716,0
717,0
718,0
719,2
720,2
721,0
722,0
723,2
724,0
725,0
726,0
727,0
728,0
729,0
730,2
731,0
732,0
733,0
734,2
735,1
736,0
737,0
738,0
739,0
740,2
741,2
742,0
743,0
744,0
745,1
746,0
747,2
748,0
749,0
750,0
751,2
752,0
753,1
754,2
755,2
756,1
757,0
758,2
759,1
760,0
761,2
762,2
763,2
764,0
765,0
766,0
767,0
768,2
769,0
770,0
771,2
772,2
773,2
774,1
775,1
776,0
777,1
778,0
779,0
780,0
781,0
782,2
783,0
784,0
785,0
786,2
787,1
788,0
789,0
790,0
791,2
792,2
793,2
794,0
795,0
796,2
797,1
798,0
799,0
800,0
801,0
802,1
803,0
804,2
805,0
806,2
807,2
808,2
809,0
810,0
811,0
812,0
813,1
814,2
815,0
816,0
817,0
818,0
819,2
820,0
821,0
822,0
823,2
824,2
825,2
826,0
827,2
828,2
829,0
830,1
831,0
832,1
833,2
834,0
835,0
836,0
837,0
838,2
839,1
840,0
841,0
842,1
843,0
844,1
845,0
846,1
847,2
848,2
849,0
850,0
851,2
852,0
853,1
854,0
855,0
856,1
857,0
858,2
859,2
860,2
861,0
862,0
863,1
864,0
865,2
866,0
867,0
868,2
869,0
870,1
871,2
872,1
873,2
874,1
875,2
876,1
877,0
878,2
879,0
880,0
881,0
882,0
883,0
884,2
885,0
886,2
887,2
888,0
889,0
890,2
891,0
892,0
893,0
894,0
895,0
896,0
897,0
898,0
899,1
900,0
901,0
902,0
903,0
904,0
905,0
906,2
907,2
908,2
909,0
910,0
911,0
912,1
913,0
914,0
915,0
916,0
917,1
918,2
919,0
920,2
921,0
922,0
923,0
924,0
925,2
926,1
927,2
928,0
929,1
930,0
931,0
932,1
933,0
934,1
935,0
936,0
937,0
938,2
939,0
940,2
941,0
942,0
943,0
944,1
945,0
946,1
947,2
948,1
949,1
950,0
951,0
952,2
953,2
954,0
955,0
956,0
957,2
958,2
959,2
960,0
961,0
962,2
963,2
964,0
965,2
966,1
967,1
968,2
969,0
970,0
971,0
972,2
973,2
974,1
975,1
976,2
977,0
978,0
979,0
980,0
981,1
982,1
983,1
984,2
985,0
986,2
987,0
988,0
989,0
990,2
991,0
992,0
993,0
994,2
995,0
996,2
997,2
998,0
999,2
1000,2
1001,0
1002,2
1003,1
1004,2
1005,0
1006,2
1007,2
1008,0
1009,0
1010,2
1011,0
1012,0
1013,1
1014,2
1015,0
1016,0
1017,0
1018,2
1019,0
1020,2
1021,2
1022,0
1023,0
1024,2
1025,0
1026,0
1027,0
1028,0
1029,2
1030,2
1031,2
1032,0
1033,2
1034,2
1035,0
1036,2
1037,0
1038,2
1039,0
1040,0
1041,0
1042,2
1043,0
1044,0
1045,0
1046,0
1047,0
1048,2
1049,0
1050,2
1051,0
1052,2
1053,0
1054,0
1055,0
1056,0
1057,2
1058,2
1059,0
1060,2
1061,0
1062,0
1063,0
1064,0
1065,0
1066,0
1067,0
1068,0
1069,0
1070,0
1071,0
1072,2
1073,0
1074,0
1075,0
1076,0
1077,0
1078,0
1079,0
1080,2
1081,0
1082,0
1083,0
1084,2
1085,0
1086,2
1087,2
1088,1
1089,1
1090,2
1091,0
1092,2
1093,2
1094,2
1095,2
1096,1
1097,2
1098,2
1099,0
1100,0
1101,0
1102,0
1103,0
1104,0
1105,0
1106,2
1107,0
1108,0
1109,2
1110,0
1111,0
1112,0
1113,2
1114,1
1115,0
1116,0
1117,0
1118,0
1119,2
1120,0
1121,2
1122,0
1123,1
1124,2
1125,2
1126,0
1127,2
1128,2
1129,2
1130,0
1131,2
1132,2
1133,1
1134,0
1135,0
1136,2
1137,2
1138,2
1139,2
1140,0
1141,0
1142,0
1143,0
1144,0
1145,2
1146,0
1147,1
1148,2
1149,0
1150,1
1151,2
1152,2
1153,1
1154,0
1155,2
1156,2
1157,0
1158,1
1159,1
1160,0
1161,0
1162,1
1163,2
1164,2
1165,1
1166,0
1167,2
1168,0
1169,0
1170,1
1171,1
1172,1
1173,1
1174,1
1175,2
1176,0
1177,1
1178,0
1179,2
1180,2
1181,0
1182,0
1183,0
1184,0
1185,0
1186,0
1187,0
1188,0
1189,2
1190,0
1191,2
1192,1
1193,0
1194,0
1195,0
1196,0
1197,1
1198,0
1199,0
1200,0
1201,0
1202,0
1203,2
1204,0
1205,2
1206,0
1207,2
1208,2
1209,2
1210,0
1211,0
1212,0
1213,0
1214,0
1215,0
1216,2
1217,0
1218,1
1219,0
1220,2
1221,2
1222,2
1223,2
1224,1
1225,0
1226,2
1227,0
1228,2
1229,0
1230,2
1231,0
1232,0
1233,1
1234,2
1235,0
1236,0
1237,0
1238,0
1239,0
1240,2
1241,0
1242,0
1243,0
1244,2
1245,0
1246,0
1247,2
1248,0
1249,2
1250,0
1251,0
1252,2
1253,0
1254,2
1255,0
1256,0
1257,0
1258,0
1259,0
1260,0
1261,0
1262,0
1263,0
1264,1
1265,0
1266,2
1267,0
1268,0
1269,0
1270,0
1271,0
1272,0
1273,1
1274,0
1275,2
1276,0
1277,0
1278,0
1279,0
1280,0
1281,0
1282,1
1283,1
1284,0
1285,0
1286,2
1287,0
1288,0
1289,0
1290,2
1291,2
1292,1
1293,2
1294,0
1295,0
1296,0
1297,0
1298,0
1299,2
1300,2
1301,0
1302,2
1303,0
1304,0
1305,2
1306,0
1307,2
1308,0
1309,0
1310,0
1311,0
1312,2
1313,2
1314,2
1315,0
1316,0
1317,2
1318,2
1319,0
1320,0
1321,0
1322,0
1323,0
1324,2
1325,0
1326,0
1327,2
1328,0
1329,0
1330,2
1331,1
1332,2
1333,0
1334,0
1335,2
1336,2
1337,2
1338,2
1339,0
1340,2
1341,1
1342,2
1343,0
1344,0
1345,0
1346,0
1347,0
1348,0
1349,1
1350,0
1351,0
1352,0
1353,0
1354,0
1355,0
1356,0
1357,0
1358,0
1359,0
1360,0
1361,0
1362,0
1363,0
1364,0
1365,0
1366,0
1367,0
1368,0
1369,0
1370,0
1371,0
1372,0
1373,0
1374,0
1375,1
1376,1
1377,0
1378,0
1379,1
1380,0
1381,1
1382,0
1383,1
1384,0
1385,0
1386,0
1387,0
1388,0
1389,2
1390,2
1391,0
1392,0
1393,0
1394,2
1395,0
1396,0
1397,1
1398,2
1399,0
1400,0
1401,0
1402,2
1403,0
1404,0
1405,0
1406,0
1407,2
1408,0
1409,2
1410,0
1411,2
1412,0
1413,2
1414,0
1415,2
1416,2
1417,0
1418,2
1419,0
1420,0
1421,0
1422,2
1423,2
1424,2
1425,2
1426,0
1427,2
1428,2
1429,0
1430,0
1431,1
1432,0
1433,2
1434,0
1435,2
1436,0
1437,0
1438,1
1439,2
1440,2
1441,0
1442,0
1443,0
1444,0
1445,2
1446,1
1448,2
1449,2
1450,0
1451,0
1452,0
1453,2
1454,0
1455,0
1456,2
1457,0
1458,1
1459,2
1460,2
1461,2
1462,0
1463,2
1464,0
1465,0
1466,0
1467,0
1468,0
1469,0
1470,0
1471,2
1472,0
1473,2
1474,0
1475,0
1476,0
1477,0
1478,0
1479,0
1480,0
1481,2
1482,1
1483,0
1484,2
1485,1
1486,2
1487,1
1488,0
1489,0
1490,0
1491,0
1492,0
1493,0
1494,0
1495,2
1496,2
1497,0
1498,0
1499,0
1500,0
1501,0
1502,0
1503,2
1504,0
1505,0
1506,1
1507,0
1508,0
1509,0
1510,1
1511,0
1512,0
1513,1
1514,1
1515,0
1516,0
1517,0
1518,2
1519,0
1520,0
1521,0
1522,0
1523,0
1524,0
1525,2
1526,1
1527,0
1528,2
1529,0
1530,0
1531,2
1532,0
1533,1
1534,1
1535,2
1536,0
1537,2
1538,1
1539,0
1540,0
1541,2
1542,1
1543,1
1544,1
1545,0
1546,1
1547,0
1548,2
1549,2
1550,2
1551,2
1552,0
1553,1
1554,1
1555,0
1556,0
1557,0
1558,1
1559,0
1560,1
1561,2
1562,0
1563,0
1564,0
1565,0
1566,0
1567,0
1568,0
1569,2
1570,2
1571,2
1572,0
1573,2
1574,0
1575,0
1576,2
1577,0
1578,0
1579,2
1580,2
1581,1
1582,0
1583,0
1584,0
1585,2
1586,0
1587,0
1588,2
1589,0
1590,2
1591,2
1592,0
1593,0
1594,0
1595,0
1596,0
1597,2
1598,0
1599,1
1600,0
1601,2
1602,0
1603,0
1604,2
1605,0
1606,2
1607,0
1608,0
1609,0
1610,0
1611,2
1612,0
1613,1
1614,0
1615,0
1616,0
1617,0
1618,2
1619,2
1620,0
1621,1
1622,2
1623,2
1624,0
1625,2
1626,1
1627,0
1628,2
1629,1
1630,2
1631,1
1632,1
1633,2
1634,2
1635,2
1636,2
1637,0
1638,2
1639,2
1640,0
1641,0
1642,2
1643,0
1644,0
1645,0
1646,0
1647,0
1648,0
1649,0
1650,2
1651,2
1652,2
1653,1
1654,1
1655,2
1656,0
1657,0
1658,2
1659,0
1660,0
1661,1
1662,0
1663,0
1664,2
1665,1
1666,2
1667,2
1668,0
1669,0
1670,2
1671,2
1672,1
1673,2
1674,0
1675,2
1676,2
1677,0
1678,2
1679,0
1680,0
1681,0
1682,0
1683,2
1684,0
1685,2
1686,2
1687,0
1688,0
1689,1
1690,0
1691,2
1692,0
1693,0
1694,2
1695,2
1696,2
1697,0
1698,1
1699,2
1700,0
1701,0
1702,0
1703,2
1704,0
1705,1
1706,0
1707,2
1708,1
1709,0
1710,2
1711,0
1712,1
1713,1
1714,2
1715,2
1716,0
1717,1
1718,0
1719,1
1720,2
1721,2
1722,2
1723,2
1724,2
1725,0
1726,0
1727,2
1728,0
1729,0
1730,2
1731,2
1732,1
1733,2
1734,2
1735,1
1736,2
1737,1
1738,0
1739,0
1740,0
1741,0
1742,0
1743,0
1744,1
1745,0
1746,2
1747,2
1748,2
1749,2
1750,0
1751,2
1752,0
1753,0
1754,2
1755,2
1756,1
1757,2
1758,2
1759,0
1760,0
1761,0
1762,0
1763,0
1764,0
1765,2
1766,2
1767,0
1768,2
1769,0
1770,2
1771,2
1772,2
1773,0
1774,0
1775,0
1776,0
1777,2
1778,0
1779,0
1780,2
1781,0
1782,2
1783,2
1784,2
1785,2
1786,0
1787,0
1788,0
1789,0
1790,0
1791,1
1792,0
1793,1
1794,1
1795,0
1796,1
1797,0
1798,2
1799,2
1800,0
1801,1
1802,0
1803,0
1804,0
1805,0
1806,1
1807,1
1808,0
1809,0
1810,0
1811,0
1812,2
1813,0
1814,1
1815,0
1816,1
1817,0
1818,0
1819,0
1820,0
1821,0
1822,0
1823,2
1824,0
1825,1
1826,2
1827,0
1828,1
1829,1
1830,2
1831,0
1832,0
1833,0
1834,0
1835,0
1836,0
1837,2
1838,0
1839,1
1840,0
1841,2
1842,1
1843,0
1844,2
1845,1
1846,0
1847,0
1848,0
1849,0
1850,2
1851,1
1852,2
1853,1
1854,0
1855,1
1856,2
1857,2
1858,0
1859,0
1860,0
1861,0
1862,0
1863,0
1864,0
1865,0
1866,1
1867,0
1868,0
1869,0
1870,0
1871,0
1872,2
1873,0
1874,0
1875,1
1876,0
1877,2
1878,2
1879,0
1880,1
1881,0
1882,2
1883,0
1884,0
1885,0
1886,1
1887,1
1888,2
1889,2
1890,1
1891,0
1892,1
1893,2
1894,0
1895,0
1896,2
1897,1
1898,2
1899,0
1900,1
1901,2
1902,0
1903,2
1904,0
1905,2
1906,0
1907,0
1908,0
1909,0
1910,2
1911,0
1912,0
1913,0
1914,1
1915,2
1916,0
1917,0
1918,0
1919,0
1920,0
1921,0
1922,0
1923,2
1924,0
1925,2
1926,0
1927,0
1928,2
1929,1
1930,2
1931,2
1932,0
1933,2
1934,1
1935,1
1936,0
1937,1
1938,0
1939,1
1940,1
1941,1
1942,2
1943,0
1944,1
1945,2
1946,0
1947,2
1948,1
1949,0
1950,2
1951,0
1952,2
1953,0
1954,1
1955,1
1956,2
1957,0
1958,1
1959,0
1960,1
1961,0
1962,0
1963,0
1964,0
1965,1
1966,0
1967,0
1968,0
1969,2
1970,0
1971,1
1972,2
1973,1
1974,0
1975,0
1976,2
1977,0
1978,2
1979,1
1980,1
1981,0
1982,2
1983,0
1984,0
1985,0
1986,2
1987,2
1988,1
1989,0
1990,2
1991,0
1992,2
1993,0
1994,2
1995,0
1996,2
1997,0
1998,2
1999,2
2000,2
2001,0
2002,0
2003,2
2005,1
2006,2
2007,0
2008,0
2009,0
2010,0
2011,2
2012,2
2013,0
2014,2
2016,0
2017,0
2018,0
2019,0
2020,0
2021,0
2022,0
2023,0
2024,0
2025,2
2026,1
2027,0
2028,0
2029,0
2030,2
2031,1
2032,0
2033,0
2034,0
2035,0
2036,2
2037,2
2038,2
2039,2
2040,2
2041,2
2042,2
2043,2
2044,0
2045,2
2046,2
2047,0
2048,0
2049,0
2050,0
2051,0
2052,0
2053,2
2054,2
2055,0
2056,0
2057,2
2058,2
2059,0
2060,1
2061,2
2062,1
2063,0
2064,0
2065,2
2066,2
2067,0
2068,0
2069,2
2070,2
2071,2
2072,0
2073,1
2074,0
2075,1
2076,0
2077,0
2078,0
2079,0
2080,1
2081,2
2082,0
2084,0
2085,1
2086,2
2087,2
2088,2
2089,2
2090,0
2091,2
2092,1
2093,0
2094,0
2095,0
2096,0
2097,0
2098,0
2099,0
2100,0
2101,0
2102,0
2103,0
2104,0
2105,0
2106,0
2107,0
2108,2
2109,0
2110,0
2111,0
2112,2
2113,0
2114,0
2115,0
2116,0
2117,1
2118,1
2119,0
2120,0
2121,0
2122,0
2123,0
2124,0
2125,1
2126,0
2127,1
2128,2
2129,2
2130,0
2131,1
2132,2
2133,0
2134,0
2135,0
2136,0
2137,2
2138,1
2139,0
2140,0
2141,1
2142,0
2143,1
2144,0
2145,0
2146,1
2147,2
2148,1
2149,0
2150,0
2151,0
2152,0
2153,1
2154,2
2155,2
2156,1
2157,1
2158,0
2159,0
2160,0
2161,0
2162,0
2163,1
2164,0
2165,2
2166,0
2167,2
2168,2
2169,1
2170,2
2171,0
2172,2
2173,0
2174,2
2175,1
2176,1
2177,1
2178,0
2179,2
2180,0
2181,0
2182,0
2183,1
2184,1
2185,1
2186,0
2187,0
2188,2
2189,2
2190,2
2191,0
2192,0
2193,0
2194,2
2195,0
2196,0
2197,0
2198,0
2199,0
2200,0
2201,0
2202,2
2203,2
2204,0
2205,2
2206,0
2207,0
2208,0
2209,0
2210,0
2211,0
2212,0
2213,0
2214,0
2215,0
2216,0
2217,0
2218,0
2219,0
2220,0
2221,0
2222,2
2223,0
2224,0
2225,0
2226,1
2227,0
2228,2
2229,0
2230,0
2231,0
2232,1
2233,2
2234,0
2235,2
2236,0
2237,1
2238,0
2239,0
2240,0
2241,0
2242,0
2243,0
2244,2
2245,0
2246,0
2247,0
2248,0
2249,0
2250,2
2251,0
2252,2
2253,0
2254,0
2255,0
2256,0
2257,1
2258,0
2259,0
2260,0
2261,0
2262,2
2263,0
2264,2
2265,0
2266,1
2267,0
2268,0
2269,1
2270,0
2271,0
2272,0
2273,0
2274,2
2275,0
2276,1
2277,0
2278,0
2279,2
2280,0
2281,2
2282,0
2283,0
2284,1
2285,0
2286,0
2287,1
2288,2
2289,2
2290,0
2291,2
2292,0
2293,0
2294,0
2295,0
2296,0
2297,2
2298,0
2299,2
2300,2
2301,0
2302,0
2303,0
2304,0
2305,0
2306,0
2307,0
2308,0
2309,0
2310,0
2311,0
2312,0
2313,2
2314,0
2315,0
2316,2
2317,0
2318,2
2320,2
2321,0
2322,0
2323,2
2324,0
2325,0
2326,0
2327,2
2328,2
2329,2
2330,0
2331,0
2332,0
2333,2
2334,0
2335,0
2336,0
2337,0
2338,0
2339,2
2340,0
2341,0
2342,0
2343,0
2344,0
2345,0
2346,2
2347,0
2348,0
2349,0
2350,2
2351,2
2352,2
2353,0
2354,0
2355,0
2356,2
2357,0
2358,1
2359,2
2360,0
2361,0
2362,2
2363,0
2364,0
2365,0
2366,2
2367,2
2368,0
2369,2
2370,2
2371,0
2372,1
2373,0
2374,0
2375,0
2376,1
2377,0
2378,0
2379,2
2380,0
2381,0
2382,1
2383,0
2384,0
2385,0
2386,1
2387,0
2388,2
2389,1
2390,0
2391,0
2392,0
2393,2
2394,0
2395,0
2396,0
2397,0
2398,0
2399,0
2400,0
2401,0
2402,0
2403,0
2404,0
2405,0
2406,0
2407,2
2408,0
2409,0
2410,0
2411,0
2412,0
2413,2
2414,2
2415,0
2416,2
2417,0
2418,0
2419,2
2420,0
2421,0
2422,0
2423,0
2424,0
2425,2
2426,0
2427,2
2428,2
2429,0
2430,0
2431,0
2432,2
2433,2
2434,0
2435,0
2436,1
2437,0
2438,2
2439,1
2440,2
2441,0
2442,0
2443,0
2444,0
2445,0
2446,0
2447,0
2448,0
2449,2
2450,2
2451,0
2452,0
2453,0
2454,0
2455,0
2456,2
2457,0
2458,0
2459,0
2460,0
2461,0
2462,0
2463,2
2464,1
2465,0
2466,0
2467,0
2468,1
2469,0
2470,0
2471,1
2472,0
2473,0
2474,0
2475,0
2476,0
2477,0
2478,0
2479,0
2480,2
2481,0
2482,0
2483,0
2484,2
2485,0
2486,0
2487,0
2488,1
2489,2
2490,2
2491,2
2492,0
2493,0
2494,1
2495,0
2496,0
2497,0
2498,0
2499,0
2500,0
2501,2
2502,0
2503,0
2504,0
2505,0
2506,0
2507,0
2508,0
2509,0
2510,1
2511,0
2512,0
2513,0
2514,0
2515,2
2516,0
2517,0
2518,2
2519,0
2520,0
2521,0
2522,0
2523,0
2524,0
2525,2
2526,0
2527,0
2528,0
2529,0
2530,0
2531,0
2532,2
2533,0
2534,0
2535,0
2536,0
2537,0
2538,0
2539,0
2540,0
2541,0
2542,1
2543,0
2544,0
2545,0
2546,0
2547,1
2548,1
2549,2
2550,0
2551,2
2552,2
2553,0
2554,0
2555,2
2556,0
2557,0
2558,2
2559,0
2560,2
2561,0
2562,0
2563,1
2564,2
2565,2
2566,0
2567,0
2568,0
2569,1
2570,2
2571,2
2572,0
2573,0
2574,2
2575,0
2576,0
2577,0
2578,0
2579,0
2580,0
2581,0
2582,0
2583,0
2584,0
2585,1
2586,2
2587,1
2588,0
2589,0
2590,0
2591,2
2592,0
2593,0
2594,2
2595,0
2596,0
2597,0
2598,0
2599,0
2600,1
2601,1
2602,2
2603,0
2604,0
2605,0
2606,2
2607,0
2608,0
2609,2
2610,0
2611,1
2612,0
2613,0
2614,1
2615,2
2616,0
2617,0
2619,2
2620,0
2621,0
2622,0
2623,0
2624,0
2625,2
2626,2
2627,2
2628,0
2629,0
2630,0
2631,0
2632,2
2633,1
2634,0
2635,0
2636,2
2637,2
2638,0
2639,0
2640,1
2641,0
2642,0
2643,0
2644,0
2645,0
2646,0
2647,0
2648,0
2649,0
2650,0
2651,2
2652,0
2653,0
2654,1
2655,2
2656,0
2657,0
2658,0
2659,0
2660,2
2661,0
2662,0
2663,2
2664,2
2665,0
2666,0
2667,0
2668,1
2669,2
2670,0
2671,0
2672,0
2673,2
2674,0
2675,0
2676,0
2677,0
2678,0
2679,2
2680,0
2681,0
2682,0
2683,2
2684,0
2685,2
2686,2
2687,0
2688,0
2689,2
2690,0
2691,2
2692,2
2693,0
2694,0
2695,0
2696,0
2697,0
2698,1
2699,0
2700,2
2701,0
2702,0
2703,0
2704,0
2705,0
2706,0
2707,0
2708,0
2709,0
2710,1
2711,2
2712,0
2713,0
2714,0
2715,0
2716,0
2717,0
2718,0
2719,1
2720,1
2721,1
2722,2
2723,0
2724,0
2725,0
2726,0
2727,2
2728,0
2729,0
2730,0
2731,1
2732,0
2733,2
2734,2
2735,0
2736,0
2737,0
2738,2
2739,0
2740,0
2741,2
2742,0
2743,0
2744,0
2745,0
2746,0
2747,0
2748,1
2749,0
2750,0
2751,0
2752,0
2753,0
2754,0
2755,0
2756,0
2757,0
2758,0
2759,2
2760,0
2761,0
2762,0
2763,0
2765,0
2766,0
2767,0
2768,0
2769,0
2770,0
2771,2
2772,1
2773,0
2774,0
2775,0
2776,0
2777,0
2778,0
2779,0
2780,0
2781,0
2782,0
2783,0
2784,0
2785,2
2786,0
2787,0
2788,0
2789,0
2790,0
2791,0
2792,1
2793,2
2794,0
2795,0
2796,1
2797,2
2798,0
2799,2
2800,0
2801,0
2802,0
2803,0
2804,0
2805,0
2806,0
2807,2
2808,0
2809,0
2810,0
2811,2
2812,2
2813,0
2814,2
2815,0
2816,0
2817,0
2818,0
2819,2
2820,2
2821,2
2822,2
2823,0
2824,1
2825,0
2826,0
2827,0
2828,2
2829,0
2830,0
2831,2
2832,1
2833,0
2834,0
2835,0
2836,0
2837,0
2838,0
2839,0
2840,0
2841,2
2842,2
2843,0
2844,0
2845,0
2846,0
2847,2
2848,0
2849,1
2850,0
2851,1
2852,0
2853,0
2854,0
2855,0
2856,0
2857,0
2858,0
2859,2
2860,0
2861,2
2862,0
2863,2
2864,0
2865,0
2866,0
2867,2
2868,0
2869,2
2870,0
2871,2
2872,1
2873,1
2874,2
2875,0
2876,0
2877,0
2878,2
2879,0
2880,0
2881,2
2882,2
2883,2
2884,0
2885,0
2886,0
2887,0
2888,0
2889,0
2890,2
2891,0
2892,1
2893,0
2894,1
2895,0
2896,2
2897,0
2898,0
2899,1
2900,0
2901,2
2902,0
2903,2
2904,1
2905,2
2906,2
2907,0
2908,0
2909,2
2910,1
2911,2
2912,1
2913,0
2914,1
2915,0
2916,0
2917,0
2918,1
2919,2
2920,0
2921,0
2922,0
2923,0
2924,2
2925,0
2926,0
2927,0
2928,0
2929,0
2930,0
2931,0
2932,2
2933,2
2934,0
2935,0
2936,0
2937,0
2938,2
2939,2
2940,0
2941,2
2942,0
2943,0
2944,0
2945,2
2946,2
2947,2
2948,1
2949,0
2950,0
2951,0
2952,0
2953,2
2954,0
2955,0
2956,0
2957,0
2958,0
2959,2
2960,0
2961,2
2962,0
2963,0
2964,0
2965,2
2966,0
2967,0
2968,1
2969,2
2970,1
2971,0
2972,1
2973,0
2974,0
2975,0
2976,0
2977,0
2978,2
2979,0
2980,2
2981,0
2982,0
2983,2
2984,0
2985,0
2986,0
2987,0
2988,0
2989,0
2990,0
2991,0
2992,2
2993,2
2994,2
2995,2
2996,0
2997,2
2998,0
2999,0
3000,2
3001,0
3002,2
3003,0
3004,1
3005,2
3006,0
3007,2
3008,2
3009,0
3010,2
3011,0
3012,0
3013,1
3014,2
3015,0
3016,0
3017,2
3018,0
3019,0
3020,0
3021,0
3022,2
3023,0
3024,1
3025,0
3026,0
3027,2
3028,0
3029,2
3030,0
3031,0
3032,2
3033,2
3034,0
3035,0
3036,1
3037,0
3038,0
3039,0
3040,0
3041,2
3042,0
3043,2
3044,1
3045,0
3046,0
3047,0
3048,2
3049,1
3050,0
3051,0
3052,2
3053,2
3054,0
3055,1
3056,1
3057,1
3058,1
3059,2
3060,0
3061,0
3062,2
3063,2
3064,0
3065,1
3066,2
3067,0
3068,2
3069,1
3070,1
3071,2
3072,0
3073,1
3074,0
3075,1
3076,1
3077,0
3078,0
3079,0
3080,2
3081,2
3082,0
3083,0
3084,2
3085,0
3086,0
3087,1
3088,0
3089,0
3090,1
3091,1
3092,2
3093,0
3094,1
3095,0
3096,1
3097,0
3098,0
3099,0
3100,1
3101,0
3102,2
3103,2
3104,2
3105,1
3106,0
3107,0
3108,2
3109,2
3110,0
3111,1
3112,0
3113,0
3114,0
3115,1
3116,2
3117,1
3118,0
3119,2
3120,0
3121,0
3122,0
3123,0
3124,0
3125,0
3126,1
3127,2
3128,0
3129,0
3130,2
3131,0
3132,0
3133,0
3134,2
3135,2
3136,0
3137,0
3138,0
3139,1
3140,1
3141,1
3142,0
3143,2
3144,2
3145,2
3146,2
3147,2
3148,0
3149,1
3150,1
3151,0
3152,0
3153,1
3154,1
3155,1
3156,0
3157,1
3158,0
3159,0
3160,2
3161,0
3162,0
3163,1
3164,2
3165,1
3166,0
3167,2
3168,1
3169,0
3170,2
3171,0
3172,1
3173,2
3174,0
3175,2
3176,2
3177,2
3178,2
3179,2
3180,0
3181,2
3182,2
3183,1
3184,0
3185,1
3186,0
3187,1
3188,0
3189,0
3190,2
3191,0
3192,2
3193,2
3194,2
3195,0
3196,0
3197,2
3198,0
3199,0
3200,0
3201,2
3202,2
3203,0
3204,0
3205,2
3206,2
3207,1
3208,0
3209,0
3210,0
3211,2
3212,2
3213,0
3214,0
3215,0
3216,0
3217,2
3218,2
3219,0
3220,2
3221,2
3222,0
3223,2
3224,0
3225,2
3226,2
3227,2
3228,2
3229,0
3230,0
3231,0
3232,2
3233,2
3234,0
3235,2
3236,2
3237,2
3238,2
3239,2
3240,2
3241,0
3242,2
3243,0
3244,0
3245,0
3246,2
3247,0
3248,2
3249,0
3250,2
3251,2
3252,0
3253,2
3254,0
3255,2
3256,1
3257,2
3258,0
3259,0
3260,0
3261,2
3262,0
3263,2
3264,0
3265,2
3266,0
3267,0
3268,0
3269,0
3270,0
3271,2
3272,0
3273,0
3274,0
3275,0
3276,2
3277,0
3278,1
3279,0
3280,1
3281,2
3282,2
3283,2
3284,2
3285,2
3286,2
3287,1
3288,2
3289,0
3290,0
3291,1
3292,2
3293,0
3294,2
3295,0
3296,1
3297,0
3298,0
3299,0
3300,2
3301,0
3302,0
3303,0
3304,2
3305,0
3306,0
3307,0
3308,2
3309,0
3310,2
3311,2
3312,1
3313,0
3314,2
3315,1
3316,0
3317,2
3318,0
3319,0
3320,0
3321,0
3322,0
3323,0
3324,0
3325,0
3326,0
3327,0
3328,0
3329,1
3330,0
3331,2
3332,0
3333,2
3334,1
3335,0
3336,0
3337,0
3338,0
3339,0
3340,0
3341,0
3342,0
3343,0
3344,0
3345,2
3346,0
3347,0
3348,0
3349,0
3350,0
3351,0
3352,2
3353,0
3354,0
3355,0
3356,1
3357,1
3358,1
3359,0
3360,0
3361,0
3362,2
3363,0
3364,0
3365,2
3366,0
3367,0
3368,0
3369,0
3370,0
3371,0
3372,0
3373,0
3374,0
3375,2
3376,1
3377,1
3378,0
3379,2
3380,0
3381,2
3382,0
3383,2
3384,2
3385,0
3386,0
3387,0
3388,0
3389,2
3390,0
3391,0
3392,0
3393,0
3394,0
3395,0
3396,0
3397,0
3398,0
3399,0
3400,0
3401,0
3402,0
3403,0
3404,0
3405,0
3406,0
3407,0
3408,0
3409,0
3410,0
3411,0
3412,0
3413,0
3414,0
3415,0
3416,2
3417,0
3418,1
3419,0
3420,2
3421,2
3422,2
3423,2
3424,0
3425,0
3426,2
3427,1
3428,0
3429,0
3430,0
3431,2
3432,1
3433,0
3434,0
3435,0
3436,0
3437,2
3438,0
3439,0
3440,0
3441,1
3442,0
3443,0
3444,2
3445,2
3446,0
3447,0
3448,2
3449,0
3450,0
3451,0
3452,0
3453,0
3454,2
3455,0
3456,0
3457,0
3458,0
3459,0
3460,2
3461,2
3462,2
3463,0
3464,2
3465,0
3466,2
3467,0
3468,2
3469,0
3470,0
3471,0
3472,2
3473,2
3474,2
3475,1
3476,0
3477,0
3478,0
3479,2
3480,0
3481,0
3482,2
3483,0
3484,2
3485,0
3486,0
3487,0
3488,0
3489,2
3490,0
3491,2
3492,0
3493,1
3494,1
3495,0
3496,1
3497,0
3498,0
3499,0
3500,0
3501,0
3502,0
3503,2
3504,2
3505,2
3506,0
3507,0
3508,2
3509,1
3510,0
3511,0
3512,0
3513,2
3514,2
3515,0
3516,0
3517,0
3518,0
3519,2
3520,0
3521,1
3522,0
3523,2
3524,0
3525,0
3526,0
3527,0
3528,2
3529,0
3530,0
3531,0
3532,0
3533,0
3534,0
3535,0
3536,0
3537,0
3538,0
3539,0
3540,0
3541,0
3542,2
3543,0
3544,2
3545,2
3546,1
3547,0
3548,0
3549,0
3550,0
3551,0
3552,0
3553,0
3554,0
3555,0
3556,2
3557,0
3558,0
3559,2
3560,0
3561,2
3562,2
3563,0
3564,2
3565,2
3566,0
3567,0
3568,0
3569,0
3570,1
3571,2
3572,2
3573,0
3574,0
3575,1
3576,0
3577,0
3578,0
3579,2
3580,2
3581,0
3582,0
3583,0
3584,0
3585,0
3586,0
3587,0
3588,2
3589,2
3590,2
3591,0
3592,2
3593,0
3594,2
3595,2
3596,0
3597,0
3598,0
3599,1
3600,0
3601,0
3602,0
3603,0
3604,0
3605,2
3606,0
3607,2
3608,2
3609,0
3610,2
3611,1
3612,1
3613,2
3614,0
3615,2
3616,0
3617,2
3618,0
3619,0
3620,0
3621,0
3622,0
3623,2
3624,2
3625,0
3626,0
3627,0
3628,1
3629,0
3630,2
3631,0
3632,0
3633,0
3634,2
3635,1
3636,0
3637,2
3638,0
3639,0
3640,0
3641,0
3642,2
3643,0
3644,0
3645,0
3646,1
3647,0
3648,0
3649,2
3650,2
3651,2
3652,0
3653,2
3654,0
3655,0
3656,2
3657,0
3658,0
3659,2
3660,0
3661,0
3662,0
3663,0
3664,0
3665,0
3666,0
3667,2
3668,1
3669,1
3670,0
3671,0
3672,2
3673,0
3674,1
3675,0
3676,0
3677,1
3678,2
3679,0
3680,0
3681,0
3682,0
3683,0
3684,1
3685,0
3686,0
3687,0
3688,2
3689,2
3690,0
3691,0
3692,2
3693,2
3694,0
3695,0
3696,1
3697,2
3698,2
3699,0
3700,0
3701,2
3702,0
3703,0
3704,0
3705,1
3706,0
3707,0
3708,0
3709,0
3710,0
3711,2
3712,2
3713,0
3714,1
3715,2
3716,0
3717,2
3718,0
3719,2
3720,2
3721,2
3722,0
3723,2
3724,1
3725,2
3726,2
3727,2
3728,1
3729,1
3730,0
3731,1
3732,1
3733,2
3734,1
3735,0
3736,0
3737,2
3738,0
3739,0
3740,2
3741,2
3742,2
3743,0
3744,0
3745,0
3746,0
3747,0
3748,0
3749,0
3750,1
3751,0
3752,1
3753,0
3754,0
3755,2
3756,2
3757,0
3758,0
3759,0
3760,0
3761,0
3762,0
3763,0
3764,0
3765,0
3766,2
3767,0
3768,0
3769,0
3770,2
3771,2
3772,1
3773,1
3774,0
3775,1
3776,2
3777,0
3778,2
3779,2
3780,0
3781,0
3782,0
3783,2
3784,0
3785,2
3786,2
3787,0
3788,2
3789,0
3790,0
3791,0
3792,0
3793,0
3794,2
3795,1
3796,0
3797,0
3798,2
3799,0
3800,2
3801,0
3802,0
3803,2
3804,2
3805,2
3806,1
3807,1
3808,1
3809,0
3810,0
3811,0
3812,0
3813,0
3814,0
3815,2
3816,0
3817,0
3818,0
3819,1
3820,0
3821,2
3822,0
3823,1
3824,0
3825,0
3826,0
3827,2
3828,0
3829,1
3830,0
3831,2
3832,0
3833,0
3834,2
3835,2
3836,2
3837,0
3838,0
3839,1
3840,0
3841,0
3842,2
3843,0
3844,2
3845,0
3846,2
3847,0
3848,2
3849,0
3850,0
3851,1
3852,2
3853,1
3854,2
3855,0
3856,0
3857,0
3858,1
3859,0
3860,0
3861,2
3862,2
3863,0
3864,2
3865,0
3866,0
3867,0
3868,2
3869,0
3870,1
3871,2
3872,1
3873,0
3874,0
3875,0
3876,2
3877,0
3878,2
3879,0
3880,2
3881,0
3882,0
3883,0
3884,0
3885,0
3886,2
3887,0
3888,2
3889,0
3890,0
3891,0
3892,2
3893,0
3894,0
3895,0
3896,0
3897,0
3898,2
3899,0
3900,0
3901,0
3902,0
3903,2
3904,0
3905,0
3906,0
3907,0
3908,0
3909,2
3910,0
3911,0
3912,2
3913,2
3914,0
3915,2
3916,1
3917,1
3918,0
3919,0
3920,0
3921,0
3922,0
3923,0
3924,0
3925,2
3926,0
3927,2
3928,0
3929,0
3930,0
3931,0
3932,1
3933,1
3934,0
3935,0
3936,0
3937,2
3938,0
3939,0
3940,0
3941,0
3942,0
3943,0
3944,0
3945,0
3946,0
3947,0
3948,0
3949,0
3950,0
3951,0
3952,2
3953,0
3954,0
3955,0
3956,0
3957,0
3958,0
3959,0
3960,0
3961,0
3962,0
3963,0
3964,0
3965,0
3966,0
3967,2
3968,0
3969,0
3970,0
3971,2
3972,2
3973,2
3974,0
3975,0
3976,1
3977,0
3978,0
3979,0
3980,0
3981,0
3982,2
3983,0
3984,2
3985,0
3986,0
3987,2
3988,2
3989,1
3990,0
3991,0
3992,2
3993,0
3994,0
3995,0
3996,0
3997,0
3998,0
3999,0
4000,0
4001,2
4002,2
4003,0
4004,0
4005,2
4006,2
4007,2
4008,1
4009,0
4010,0
4011,2
4012,2
4013,2
4014,0
4015,0
4016,0
4017,2
4018,0
4019,2
4020,2
4021,2
4022,0
4023,2
4024,0
4025,0
4026,0
4027,0
4028,2
4029,0
4030,2
4031,0
4032,0
4033,2
4034,0
4035,0
4036,2
4037,0
4038,0
4039,2
4040,2
4041,0
4042,0
4043,2
4044,0
4045,2
4046,0
4047,0
4048,0
4049,0
4050,0
4051,0
4052,0
4053,2
4054,0
4055,0
4056,0
4057,0
4058,2
4059,2
4060,0
4061,0
4062,0
4063,2
4064,2
4065,2
4066,0
4067,0
4068,0
4069,0
4070,0
4071,0
4072,0
4073,0
4074,0
4075,2
4076,0
4077,2
4078,2
4079,0
4080,0
4081,0
4082,2
4083,0
4084,0
4085,0
4086,0
4087,0
4088,0
4089,2
4090,0
4091,0
4092,0
4093,0
4094,2
4095,0
4096,0
4097,0
4098,0
4099,2
4101,0
4102,0
4103,2
4104,0
4105,1
4106,2
4107,0
4108,2
4109,0
4110,0
4111,0
4112,2
4113,0
4114,0
4115,0
4116,0
4117,0
4118,0
4119,0
4120,2
4121,0
4122,0
4123,0
4124,2
4125,2
4126,0
4127,0
4128,0
4129,2
4130,0
4131,2
4132,0
4134,0
4135,0
4136,2
4137,2
4138,0
4139,0
4140,0
4141,2
4142,0
4143,2
4144,0
4145,0
4146,0
4147,2
4148,0
4149,0
4150,0
4151,2
4152,1
4153,0
4155,0
4156,2
4157,1
4158,0
4159,2
4160,0
4161,2
4162,2
4163,2
4164,2
4165,0
4166,0
4167,0
4168,2
4169,0
4170,2
4171,2
4172,0
4173,2
4174,0
4175,0
4176,2
4177,2
4178,0
4179,0
4180,2
4181,2
4182,0
4183,2
4184,0
4185,2
4186,2
4187,0
4188,2
4189,0
4190,0
4191,0
4192,2
4193,0
4194,1
4195,2
4196,2
4197,0
4198,2
4199,0
4200,2
4201,0
4202,0
4203,0
4204,0
4205,0
4206,0
4207,0
4208,0
4209,0
4210,0
4211,2
4212,0
4213,0
4214,0
4215,0
4216,0
4217,0
4218,0
4219,0
4220,2
4221,0
4222,0
4223,0
4224,0
4225,0
4226,0
4227,2
4228,0
4229,0
4230,0
4231,0
4232,2
4233,0
4234,2
4235,2
4236,0
4237,0
4238,2
4239,2
4240,0
4241,0
4242,0
4243,0
4244,0
4245,0
4246,0
4247,1
4248,0
4249,1
4250,0
4251,2
4252,1
4253,0
4254,0
4255,0
4256,2
4257,0
4258,1
4259,0
4260,2
4261,0
4262,0
4263,2
4264,1
4265,0
4266,2
4267,0
4268,0
4269,2
4270,0
4271,2
4272,0
4273,0
4274,0
4275,0
4276,0
4277,0
4278,0
4279,0
4280,0
4281,2
4282,0
4283,0
4284,0
4285,1
4286,2
4287,0
4288,1
4289,0
4290,0
4291,2
4292,2
4293,2
4294,0
4295,2
4296,2
4297,2
4298,0
4299,2
4300,0
4301,0
4302,0
4303,0
4304,2
4305,0
4306,0
4307,0
4308,2
4309,0
4310,0
4311,0
4312,2
4313,0
4314,0
4315,0
4316,0
4317,0
4318,2
4319,2
4320,2
4321,0
4322,2
4323,0
4324,2
4325,2
4326,0
4327,0
4328,0
4329,2
4330,2
4331,0
4332,2
4333,0
4334,0
4335,2
4336,0
4337,0
4338,0
4339,0
4340,2
4341,2
4342,0
4343,2
4344,0
4345,0
4346,2
4347,0
4348,0
4349,0
4350,0
4351,0
4352,0
4353,0
4354,0
4355,0
4356,0
4357,0
4358,0
4359,0
4360,1
4361,0
4362,2
4363,2
4364,0
4365,2
4366,2
4367,0
4368,0
4369,2
4370,2
4371,0
4372,0
4373,0
4374,0
4375,0
4376,0
4377,0
4378,0
4379,0
4380,0
4381,0
4382,2
4383,0
4384,2
4385,0
4386,0
4387,0
4388,2
4389,0
4390,0
4391,0
4392,2
4393,2
4394,2
4395,2
4396,0
4397,0
4398,0
4399,2
4400,0
4401,0
4402,0
4403,0
4404,0
4405,0
4406,0
4407,2
4408,2
4409,0
4410,0
4411,0
4412,0
4413,0
4414,0
4415,0
4416,2
4417,0
4418,2
4419,0
4420,0
4421,0
4422,0
4423,0
4424,0
4425,0
4426,0
4427,0
4428,1
4429,0
4430,0
4431,0
4432,2
4433,0
4434,0
4435,0
4436,0
4437,0
4438,0
4439,0
4440,0
4441,2
4442,2
4443,0
4444,2
4445,0
4446,0
4447,1
4448,0
4449,2
4450,0
4451,0
4452,2
4453,2
4454,0
4455,0
4456,0
4457,2
4458,2
4459,2
4460,2
4461,2
4462,0
4463,2
4464,0
4465,0
4466,0
4467,2
4468,2
4469,2
4470,1
4471,0
4472,0
4473,0
4474,0
4475,0
4476,0
4477,0
4478,0
4479,2
4480,0
4481,0
4482,2
4483,0
4484,0
4485,0
4486,0
4487,2
4488,0
4489,0
4490,0
4491,2
4492,0
4493,0
4494,0
4495,2
4496,0
4497,2
4498,2
4499,0
4500,2
4501,0
4502,0
4503,0
4504,0
4505,1
4506,0
4507,0
4508,1
4509,2
4510,0
4511,0
4512,2
4513,2
4514,1
4515,0
4516,0
4517,2
4518,2
4519,0
4520,0
4521,0
4522,0
4523,0
4524,1
4525,2
4526,0
4527,0
4528,0
4529,0
4530,0
4531,0
4532,0
4533,0
4534,2
4535,0
4536,0
4537,0
4538,0
4539,2
4540,1
4541,0
4542,2
4543,1
4544,2
4545,2
4546,2
4547,0
4548,0
4549,1
4550,0
4551,1
4552,0
4553,0
4554,0
4555,0
4556,0
4557,2
4558,0
4559,0
4560,0
4561,0
4562,2
4563,0
4564,0
4565,0
4566,2
4567,2
4568,0
4569,1
4570,0
4571,0
4572,2
4573,0
4574,0
4575,0
4576,2
4577,0
4578,0
4579,0
4580,2
4581,2
4582,1
4583,2
4584,0
4585,0
4586,0
4587,0
4588,0
4589,2
4590,1
4591,2
4592,0
4593,0
4594,0
4595,0
4596,1
4597,0
4598,0
4599,0
4600,1
4601,2
4602,0
4603,2
4604,0
4605,2
4606,1
4607,0
4608,0
4609,0
4610,2
4611,2
4612,2
4613,1
4614,0
4615,1
4616,1
4617,0
4618,2
4619,0
4620,0
4621,0
4622,0
4623,1
4624,0
4625,0
4626,2
4627,0
4628,0
4629,0
4630,0
4631,0
4632,0
4633,0
4634,0
4635,0
4636,1
4637,2
4638,2
4639,0
4640,1
4641,2
4642,2
4643,0
4644,0
4645,2
4646,0
4647,0
4648,2
4649,0
4650,0
4651,2
4652,0
4653,0
4654,0
4655,0
4656,0
4657,0
4658,0
4659,0
4660,2
4661,0
4662,0
4663,0
4664,0
4665,0
4666,0
4667,1
4668,2
4669,2
4670,0
4671,0
4672,0
4673,0
4674,2
4675,0
4676,0
4677,0
4678,0
4679,2
4680,0
4681,0
4682,2
4683,0
4684,0
4685,2
4686,0
4687,0
4688,0
4689,0
4690,0
4691,0
4692,0
4693,0
4694,1
4695,2
4696,0
4697,0
4698,0
4699,0
4700,0
4701,2
4702,0
4703,2
4704,0
4705,0
4706,0
4707,0
4708,2
4709,0
4710,0
4711,0
4712,0
4713,0
4714,2
4715,0
4716,0
4717,0
4718,0
4719,0
4720,0
4721,0
4722,0
4723,0
4724,0
4725,0
4726,0
4727,2
4728,0
4729,2
4730,0
4731,0
4732,0
4733,0
4734,0
4735,0
4736,0
4737,1
4738,1
4739,0
4740,2
4741,0
4742,0
4743,2
4744,0
4745,0
4746,0
4747,2
4748,0
4749,0
4750,2
4751,2
4752,2
4753,0
4754,2
4755,1
4756,1
4757,0
4758,0
4759,2
4760,1
4761,2
4762,0
4763,0
4764,0
4765,0
4766,2
4767,0
4768,1
4769,0
4770,0
4771,0
4772,0
4773,0
4774,0
4775,0
4776,2
4777,0
4778,0
4779,0
4780,0
4781,1
4782,2
4783,2
4784,2
4785,0
4786,0
4787,0
4788,0
4789,0
4790,0
4791,0
4792,2
4793,2
4794,0
4795,1
4796,0
4797,2
4798,2
4799,2
4800,2
4801,2
4802,0
4803,2
4804,0
4805,1
4806,0
4807,2
4808,2
4809,0
4810,0
4811,0
4812,0
4813,2
4814,0
4815,0
4816,0
4817,0
4818,2
4819,2
4820,0
4821,1
4822,2
4823,0
4824,0
4825,0
4826,0
4827,0
4828,1
4829,0
4830,0
4831,2
4832,2
4833,1
4834,0
4835,0
4836,0
4837,0
4838,0
4839,2
4840,0
4841,0
4842,0
4843,0
4844,1
4845,2
4846,0
4847,0
4848,2
4849,0
4850,0
4851,0
4852,0
4853,0
4854,0
4855,0
4856,0
4857,0
4858,2
4859,0
4860,2
4861,0
4862,2
4863,0
4864,0
4865,2
4866,0
4867,0
4868,0
4869,0
4870,1
4871,0
4872,0
4873,0
4874,2
4875,0
4876,0
4877,0
4878,0
4879,0
4880,2
4881,2
4882,0
4883,0
4884,0
4885,0
4886,0
4887,0
4888,0
4889,0
4890,0
4891,0
4892,2
4893,0
4894,0
4895,0
4896,0
4897,0
4898,0
4899,2
4900,0
4901,1
4902,0
4903,0
4904,2
4905,0
4906,0
4907,0
4908,0
4909,2
4910,2
4911,0
4912,0
4913,1
4914,0
4915,0
4916,2
4917,0
4918,0
4919,2
4920,0
4921,0
4922,2
4923,2
4924,0
4925,0
4926,0
4927,1
4928,0
4929,2
4930,2
4931,0
4932,1
4933,1
4934,0
4935,2
4936,0
4937,0
4938,2
4939,0
4940,0
4941,0
4942,0
4943,2
4944,2
4945,0
4946,2
4947,0
4948,0
4949,1
4950,2
4951,0
4952,0
4953,0
4954,0
4955,2
4956,2
4957,0
4958,0
4959,0
4960,0
4961,2
4962,1
4963,2
4964,0
4965,0
4966,0
4967,0
4968,0
4969,0
4970,0
4971,1
4972,2
4973,0
4974,0
4975,2
4976,0
4977,0
4978,1
4979,0
4980,0
4981,2
4982,0
4983,0
4984,0
4985,0
4986,1
4987,2
4988,0
4989,0
4990,0
4991,2
4992,0
4993,2
4994,0
4995,0
4996,2
4997,0
4998,1
4999,2
5000,0
5001,1
5002,0
5003,0
5004,2
5005,0
5006,2
5007,0
5008,0
5009,2
5010,0
5011,0
5012,0
5013,2
5014,0
5015,2
5016,1
5017,0
5018,0
5019,0
5020,2
5021,0
5022,2
5023,0
5024,0
5025,0
5026,0
5027,2
5028,0
5029,0
5030,0
5031,1
5032,0
5033,2
5034,2
5035,0
5036,0
5037,2
5038,0
5039,2
5040,2
5041,2
5042,2
5043,0
5044,0
5045,0
5046,2
5047,2
5048,0
5049,0
5050,2
5051,2
5052,0
5053,0
5054,0
5055,0
5056,2
5057,0
5058,2
5059,0
5060,0
5061,2
5062,2
5063,2
5064,0
5065,0
5066,0
5067,2
5068,1
5069,0
5070,0
5071,0
5072,0
5073,2
5074,0
5075,2
5076,0
5077,2
5078,2
5079,2
5080,0
5081,0
5082,0
5083,2
5084,0
5085,0
5086,2
5087,0
5088,0
5089,0
5091,0
5092,2
5093,2
5094,0
5095,2
5096,0
5097,0
5098,2
5099,0
5100,0
5101,2
5102,0
5103,2
5104,2
5105,0
5106,0
5107,0
5108,1
5109,2
5110,2
5111,2
5112,0
5113,1
5114,0
5115,2
5116,2
5117,0
5118,0
5119,2
5120,0
5121,0
5122,2
5123,0
5124,0
5125,0
5126,0
5127,0
5128,0
5129,2
5130,0
5131,0
5132,0
5133,2
5134,0
5135,0
5136,0
5137,2
5138,2
5139,0
5140,1
5141,0
5142,0
5143,0
5144,1
5145,0
5146,0
5147,2
5148,0
5149,0
5150,0
5151,2
5152,0
5153,0
5154,2
5155,0
5156,2
5157,0
5158,0
5159,0
5160,0
5161,2
5162,0
5163,2
5164,0
5165,2
5166,0
5167,2
5168,0
5169,0
5170,2
5171,2
5172,2
5173,0
5174,2
5175,0
5176,2
5177,2
5178,0
5179,0
5180,0
5181,2
5182,0
5183,0
5184,0
5185,2
5186,0
5187,2
5188,0
5189,2
5190,0
5191,0
5192,2
5193,0
5194,0
5195,0
5196,0
5197,0
5198,0
5199,0
5200,1
5201,2
5202,0
5203,2
5204,0
5205,0
5206,0
5207,0
5208,0
5209,2
5210,2
5211,0
5212,1
5213,0
5214,1
5215,0
5216,0
5217,0
5218,0
5219,1
5220,2
5221,0
5222,0
5223,2
5224,0
5225,0
5226,0
5227,2
5228,1
5229,2
5230,0
5231,0
5232,0
5233,0
5234,0
5235,0
5236,2
5237,0
5238,2
5239,0
5240,0
5241,0
5242,0
5243,0
5244,0
5245,2
5246,0
5247,0
5248,2
5249,0
5250,0
5251,2
5252,0
5253,0
5254,0
5255,0
5256,0
5257,0
5258,2
5259,0
5260,0
5261,0
5262,0
5263,0
5264,0
5265,0
5266,1
5267,1
5268,0
5269,2
5270,0
5271,0
5272,0
5273,0
5274,0
5275,0
5276,2
5277,2
5278,2
5279,2
5280,0
5281,0
5282,0
5283,0
5284,0
5285,0
5286,0
5287,0
5288,0
5289,0
5290,1
5291,0
5292,2
5293,0
5294,2
5295,0
5296,0
5297,0
5298,0
5299,2
5300,0
5301,0
5302,0
5303,0
5304,0
5305,0
5306,0
5307,0
5308,0
5309,0
5310,2
5311,0
5312,0
5313,2
5314,0
5315,0
5316,1
5317,1
5318,1
5319,0
5320,2
5321,0
5322,0
5323,0
5324,0
5325,2
5326,0
5327,0
5328,0
5329,0
5330,0
5331,0
5332,0
5333,0
5334,0
5335,0
5336,0
5337,0
5338,0
5339,0
5340,0
5341,0
5342,0
5343,0
5344,0
5345,0
5346,2
5347,0
5348,0
5349,0
5350,0
5351,0
5352,0
5353,0
5354,0
5355,0
5356,0
5357,0
5358,0
5359,0
5360,0
5361,0
5362,0
5363,0
5364,0
5365,0
5366,0
5367,0
5368,2
5369,0
5370,0
5371,0
5372,0
5373,0
5374,2
5375,0
5376,0
5377,0
5378,1
5379,0
5380,2
5381,2
5382,0
5383,0
5384,1
5385,0
5386,1
5387,0
5388,0
5389,0
5390,0
5391,1
5392,0
5393,0
5394,2
5395,2
5396,0
5397,0
5398,0
5399,0
5400,0
5401,2
5402,0
5403,2
5404,2
5405,0
5406,2
5407,2
5408,2
5409,1
5410,0
5411,1
5412,0
5413,0
5414,0
5415,0
5416,0
5417,0
5418,0
5419,0
5420,0
5421,2
5422,0
5423,0
5424,2
5425,0
5426,0
5427,0
5428,2
5429,0
5430,0
5431,0
5432,0
5433,0
5434,0
5435,2
5436,0
5437,0
5438,0
5439,0
5440,2
5441,0
5442,0
5443,0
5444,0
5445,0
5446,0
5447,0
5448,0
5449,0
5450,2
5451,2
5452,0
5453,0
5454,1
5455,1
5456,0
5457,0
5458,0
5459,2
5460,0
5461,2
5462,2
5463,2
5464,2
5465,0
5466,0
5467,1
5468,0
5469,0
5470,0
5471,0
5472,2
5473,0
5474,0
5475,2
5476,0
5477,0
5478,0
5479,0
5480,0
5481,0
5482,0
5483,0
5484,0
5485,0
5486,0
5487,1
5488,0
5489,0
5490,0
5491,2
5492,0
5493,0
5494,2
5495,0
5496,0
5497,1
5498,0
5499,2
5500,0
5501,0
5502,2
5503,2
5504,0
5505,0
5506,2
5507,0
5508,0
5509,2
5510,2
5511,2
5512,2
5513,0
5514,0
5515,2
5516,2
5517,0
5518,2
5519,0
5520,0
5521,0
5522,0
5523,0
5524,0
5525,2
5526,0
5527,0
5528,0
5529,0
5530,0
5531,0
5532,0
5533,0
5534,0
5535,0
5536,0
5537,0
5538,0
5539,0
